<?xml version="1.0" encoding="UTF-8"?>

<channel name="thunar" version="1.0">
  <property name="last-view" type="string" value="ThunarCompactView"/>
  <property name="last-icon-view-zoom-level" type="string" value="THUNAR_ZOOM_LEVEL_100_PERCENT"/>
  <property name="last-window-width" type="int" value="600"/>
  <property name="last-window-height" type="int" value="400"/>
  <property name="last-window-maximized" type="bool" value="true"/>
  <property name="last-separator-position" type="int" value="170"/>
  <property name="last-show-hidden" type="bool" value="true"/>
  <property name="misc-single-click" type="bool" value="false"/>
  <property name="misc-show-delete-action" type="bool" value="true"/>
  <property name="last-details-view-zoom-level" type="string" value="THUNAR_ZOOM_LEVEL_38_PERCENT"/>
  <property name="last-details-view-column-widths" type="string" value="50,50,134,50,50,50,50,50,258,50,50,80,50,544"/>
</channel>
