<?xml version="1.0" encoding="UTF-8"?>

<channel name="xfce4-panel" version="1.0">
  <property name="configver" type="int" value="2"/>
  <property name="panels" type="array">
    <value type="int" value="1"/>
    <property name="dark-mode" type="bool" value="true"/>
    <property name="panel-1" type="empty">
      <property name="position" type="string" value="p=6;x=0;y=0"/>
      <property name="length" type="double" value="100"/>
      <property name="position-locked" type="bool" value="true"/>
      <property name="icon-size" type="uint" value="32"/>
      <property name="size" type="uint" value="42"/>
      <property name="plugin-ids" type="array">
        <value type="int" value="5"/>
        <value type="int" value="13"/>
        <value type="int" value="10"/>
        <value type="int" value="15"/>
        <value type="int" value="2"/>
        <value type="int" value="11"/>
        <value type="int" value="12"/>
        <value type="int" value="3"/>
        <value type="int" value="6"/>
        <value type="int" value="4"/>
        <value type="int" value="8"/>
      </property>
      <property name="length-adjust" type="bool" value="true"/>
      <property name="background-style" type="uint" value="1"/>
      <property name="background-rgba" type="array">
        <value type="double" value="0.75"/>
        <value type="double" value="0.25"/>
        <value type="double" value="0.25"/>
        <value type="double" value="0"/>
      </property>
    </property>
  </property>
  <property name="plugins" type="empty">
    <property name="plugin-2" type="string" value="tasklist">
      <property name="grouping" type="bool" value="false"/>
      <property name="sort-order" type="uint" value="0"/>
      <property name="show-handle" type="bool" value="true"/>
      <property name="show-labels" type="bool" value="false"/>
    </property>
    <property name="plugin-3" type="string" value="separator">
      <property name="expand" type="bool" value="true"/>
      <property name="style" type="uint" value="0"/>
    </property>
    <property name="plugin-6" type="string" value="systray">
      <property name="square-icons" type="bool" value="true"/>
      <property name="known-legacy-items" type="array">
        <value type="string" value="flameshot"/>
        <value type="string" value="armcord"/>
      </property>
      <property name="icon-size" type="int" value="0"/>
    </property>
    <property name="plugin-11" type="string" value="separator">
      <property name="style" type="uint" value="0"/>
      <property name="expand" type="bool" value="true"/>
    </property>
    <property name="plugin-12" type="string" value="clock">
      <property name="digital-layout" type="uint" value="3"/>
      <property name="digital-time-format" type="string" value="%R"/>
      <property name="digital-time-font" type="string" value="Droid Sans Mono 12"/>
    </property>
    <property name="plugin-13" type="string" value="separator">
      <property name="style" type="uint" value="0"/>
    </property>
    <property name="plugin-8" type="string" value="separator">
      <property name="style" type="uint" value="0"/>
    </property>
    <property name="plugin-10" type="string" value="launcher">
      <property name="items" type="array">
        <value type="string" value="16913469272.desktop"/>
      </property>
    </property>
    <property name="plugin-15" type="string" value="launcher">
      <property name="items" type="array">
        <value type="string" value="16913469131.desktop"/>
      </property>
    </property>
    <property name="plugin-4" type="string" value="launcher">
      <property name="items" type="array">
        <value type="string" value="16943556201.desktop"/>
      </property>
    </property>
    <property name="plugin-5" type="string" value="whiskermenu">
      <property name="launcher-show-tooltip" type="bool" value="false"/>
      <property name="launcher-show-description" type="bool" value="false"/>
      <property name="menu-opacity" type="int" value="55"/>
      <property name="button-title" type="string" value="Menu"/>
      <property name="button-icon" type="string" value="applications-all"/>
      <property name="show-button-title" type="bool" value="false"/>
      <property name="profile-shape" type="int" value="2"/>
      <property name="recent-items-max" type="int" value="0"/>
      <property name="hover-switch-category" type="bool" value="true"/>
      <property name="show-command-settings" type="bool" value="false"/>
      <property name="show-command-lockscreen" type="bool" value="false"/>
      <property name="show-command-menueditor" type="bool" value="true"/>
      <property name="show-command-logout" type="bool" value="false"/>
      <property name="show-command-profile" type="bool" value="false"/>
      <property name="launcher-icon-size" type="int" value="1"/>
      <property name="category-icon-size" type="int" value="2"/>
    </property>
  </property>
</channel>
