<?xml version="1.0" encoding="UTF-8"?>

<channel name="xfce4-desktop" version="1.0">
  <property name="backdrop" type="empty">
    <property name="screen0" type="empty">
      <property name="monitorVNC-0" type="empty">
        <property name="workspace0" type="empty">
          <property name="color-style" type="int" value="0"/>
          <property name="image-style" type="int" value="5"/>
          <property name="last-image" type="string" value="../usr/share/backgrounds/xfce/peakpx.jpg"/>
        </property>
        <property name="workspace1" type="empty">
          <property name="color-style" type="int" value="0"/>
          <property name="image-style" type="int" value="5"/>
          <property name="last-image" type="string" value="../usr/share/backgrounds/xfce/xfce-shapes.svg"/>
        </property>
        <property name="workspace2" type="empty">
          <property name="color-style" type="int" value="0"/>
          <property name="image-style" type="int" value="5"/>
          <property name="last-image" type="string" value="../usr/share/backgrounds/xfce/xfce-shapes.svg"/>
        </property>
        <property name="workspace3" type="empty">
          <property name="color-style" type="int" value="0"/>
          <property name="image-style" type="int" value="5"/>
          <property name="last-image" type="string" value="../usr/share/backgrounds/xfce/xfce-shapes.svg"/>
        </property>
      </property>
      <property name="monitorscreen" type="empty">
        <property name="workspace0" type="empty">
          <property name="color-style" type="int" value="0"/>
          <property name="image-style" type="int" value="5"/>
          <property name="last-image" type="string" value="/data/data/com.termux/files/usr/share/backgrounds/xfce/dark_waves.png"/>
        </property>
        <property name="workspace1" type="empty">
          <property name="color-style" type="int" value="0"/>
          <property name="image-style" type="int" value="5"/>
          <property name="last-image" type="string" value="/data/data/com.termux/files/usr/share/backgrounds/xfce/xfce-shapes.svg"/>
        </property>
        <property name="workspace2" type="empty">
          <property name="color-style" type="int" value="0"/>
          <property name="image-style" type="int" value="5"/>
          <property name="last-image" type="string" value="/data/data/com.termux/files/usr/share/backgrounds/xfce/xfce-shapes.svg"/>
        </property>
        <property name="workspace3" type="empty">
          <property name="color-style" type="int" value="0"/>
          <property name="image-style" type="int" value="5"/>
          <property name="last-image" type="string" value="/data/data/com.termux/files/usr/share/backgrounds/xfce/xfce-shapes.svg"/>
        </property>
      </property>
      <property name="monitorBuiltinDisplay" type="empty">
        <property name="workspace0" type="empty">
          <property name="color-style" type="int" value="0"/>
          <property name="image-style" type="int" value="5"/>
          <property name="last-image" type="string" value="/data/data/com.termux/files/usr/share/backgrounds/xfce/waves.png"/>
        </property>
        <property name="workspace1" type="empty">
          <property name="color-style" type="int" value="0"/>
          <property name="image-style" type="int" value="5"/>
          <property name="last-image" type="string" value="/data/data/com.termux/files/usr/share/backgrounds/xfce/xfce-shapes.svg"/>
        </property>
        <property name="workspace2" type="empty">
          <property name="color-style" type="int" value="0"/>
          <property name="image-style" type="int" value="5"/>
          <property name="last-image" type="string" value="/data/data/com.termux/files/usr/share/backgrounds/xfce/xfce-shapes.svg"/>
        </property>
        <property name="workspace3" type="empty">
          <property name="color-style" type="int" value="0"/>
          <property name="image-style" type="int" value="5"/>
          <property name="last-image" type="string" value="/data/data/com.termux/files/usr/share/backgrounds/xfce/xfce-shapes.svg"/>
        </property>
      </property>
    </property>
  </property>
  <property name="desktop-icons" type="empty">
    <property name="file-icons" type="empty">
      <property name="show-home" type="bool" value="false"/>
      <property name="show-filesystem" type="bool" value="false"/>
      <property name="show-trash" type="bool" value="false"/>
    </property>
  </property>
  <property name="last" type="empty">
    <property name="window-width" type="int" value="720"/>
    <property name="window-height" type="int" value="554"/>
  </property>
</channel>
